gt_l1,pred_l1,l1_score,gt_system,pred_system,l1_latency_ms,l3_latency_ms,total_latency_ms,triggered_l3
0,0,9.607318878173828,0,0,3388.3649770286866,0.0,3388.3661069558,False
1,1,25.047922134399414,1,1,5.736824998166412,1458.7887530215085,1464.5271729677916,True
0,0,8.86627197265625,0,0,7.284469029400498,0.0,7.2851270087994635,False
0,0,8.463433265686035,0,0,5.785415996797383,0.0,5.786260007880628,False
0,0,8.535696983337402,0,0,6.024239002726972,0.0,6.024836970027536,False
0,0,5.273251056671143,0,0,5.397745000664145,0.0,5.398412002250552,False
0,0,7.942383289337158,0,0,5.104732990730554,0.0,5.105418968014419,False
0,0,6.029310703277588,0,0,5.233792995568365,0.0,5.234612035565078,False
0,0,9.146856307983398,0,0,4.689135006628931,0.0,4.689716035500169,False
0,0,10.263508796691895,0,0,5.194902012590319,0.0,5.1954659866169095,False
0,0,6.130307674407959,0,0,5.184880981687456,0.0,5.185449030250311,False
0,0,6.462366580963135,0,0,5.091998027637601,0.0,5.092772014904767,False
0,0,8.420345306396484,0,0,5.60673902509734,0.0,5.607239960227162,False
1,1,23.739015579223633,0,0,4.607341019436717,1395.2473280369304,1399.8579430044629,True
0,0,8.652140617370605,0,0,11.328035034239292,0.0,11.328829976264387,False
0,0,8.618184089660645,0,0,6.349304981995374,0.0,6.3503499841317534,False
1,1,23.17715072631836,0,0,4.541587957646698,1316.2549199769273,1320.7975910045207,True
0,1,13.525655746459961,0,0,6.148287036921829,1396.3894410408102,1402.5408060406335,True
1,1,12.96027660369873,1,1,15.038273006211966,1342.0154139748774,1357.0566910202615,True
0,0,10.145308494567871,0,0,55.34536496270448,0.0,55.34644104773179,False
1,1,27.293533325195312,0,0,31.6535200108774,1198.767184978351,1230.4240230005234,True
0,0,9.177115440368652,0,0,51.76199902780354,0.0,51.763009978458285,False
0,0,6.269762992858887,0,0,35.315565997734666,0.0,35.316352965310216,False
0,0,8.941100120544434,0,0,32.664897036738694,0.0,32.66556200105697,False
0,0,6.989227294921875,0,0,50.375783001072705,0.0,50.37663702387363,False
1,1,18.457012176513672,1,1,35.533420043066144,1482.7558789984323,1518.2921219966374,True
0,0,8.32672119140625,0,0,13.50149605423212,0.0,13.502537971362472,False
0,0,9.143197059631348,0,0,7.65081204008311,0.0,7.651250984054059,False
0,0,8.379941940307617,0,0,5.021344986744225,0.0,5.021702032536268,False
0,0,6.136597633361816,0,0,4.81710402527824,0.0,4.817721026483923,False
0,0,7.524708271026611,0,0,5.302568024490029,0.0,5.303467973135412,False
0,0,8.624513626098633,0,0,4.750397987663746,0.0,4.750977037474513,False
0,0,7.503749847412109,0,0,5.162724002730101,0.0,5.163331050425768,False
1,1,24.810945510864258,0,0,4.490006016567349,1109.0916689718142,1113.5845279786736,True
0,0,10.406946182250977,0,0,24.720137007534504,0.0,24.721352965570986,False
0,0,7.705633640289307,0,0,16.676997998729348,0.0,16.67738804826513,False
0,0,8.037991523742676,0,0,16.391743964049965,0.0,16.392310964874923,False
0,1,11.93272590637207,0,0,16.259898024145514,1050.3951539867558,1066.6577689698897,True
1,1,28.529319763183594,1,1,54.63301099371165,1424.2616610135883,1478.8984110346064,True
0,0,9.0352783203125,0,0,57.849827979225665,0.0,57.85101401852444,False
0,0,8.574911117553711,0,0,36.8512500426732,0.0,36.85211401898414,False
0,0,8.5236177444458,0,0,37.182222004048526,0.0,37.18262602342293,False
0,0,8.560553550720215,0,0,51.672356959898025,0.0,51.673164998646826,False
0,0,8.653911590576172,0,0,32.49620401766151,0.0,32.496613974217325,False
0,1,12.629117965698242,0,0,35.973719030153006,1160.1811569998972,1196.15742797032,True
1,1,23.0532169342041,0,0,25.893560028634965,1702.8513610130176,1728.7479920196347,True
0,0,7.61574649810791,0,0,55.8468519593589,0.0,55.8485200162977,False
0,0,8.76856517791748,0,0,37.014915025793016,0.0,37.015348963905126,False
0,0,9.509490013122559,0,0,36.09075798885897,0.0,36.09168896218762,False
1,1,18.285449981689453,0,0,52.97383200377226,1161.4974649855867,1214.4745539990254,True
0,0,9.169782638549805,0,0,40.64070200547576,0.0,40.64160498091951,False
1,1,29.229198455810547,0,0,42.54638700513169,1084.905561991036,1127.4551549577154,True
0,0,9.329008102416992,0,0,61.68800103478134,0.0,61.689384980127215,False
1,1,18.86493492126465,0,0,33.32671301905066,1194.3915350129828,1227.7207849547267,True
0,0,11.133782386779785,0,0,70.3396950266324,0.0,70.34071296220645,False
0,0,9.313104629516602,0,0,35.06568603916094,0.0,35.06639500847086,False
0,0,8.481705665588379,0,0,56.66869500419125,0.0,56.66932201711461,False
0,0,5.096876621246338,0,0,39.687910000793636,0.0,39.68850604724139,False
0,0,6.934693336486816,0,0,43.95587497856468,0.0,43.9563489635475,False
1,1,20.378650665283203,0,0,38.189577986486256,1205.4909080034122,1243.6830280348659,True
0,0,10.558847427368164,0,0,10.769297019578516,0.0,10.770182008855045,False
0,0,6.578387260437012,0,0,4.835660976823419,0.0,4.836132982745767,False
0,0,7.20889139175415,0,0,4.795947985257953,0.0,4.7963959514163435,False
0,0,7.195002555847168,0,0,4.825353971682489,0.0,4.826250020414591,False
0,0,6.8493757247924805,0,0,5.384232033975422,0.0,5.385121970903128,False
0,0,5.2024946212768555,0,0,9.48247202904895,0.0,9.483141999226063,False
0,0,8.83492374420166,0,0,7.950287021230906,0.0,7.950883009470999,False
0,0,7.635824203491211,0,0,8.437209005933255,0.0,8.437732001766562,False
1,1,22.23314094543457,0,0,7.834241027012467,1325.072864012327,1332.9094580258243,True
0,0,10.084013938903809,0,0,23.362780979368836,0.0,23.363579995930195,False
0,0,8.936895370483398,0,0,19.860548025462776,0.0,19.86174297053367,False
1,1,24.16594123840332,1,0,20.762072992511094,969.0961439628154,989.8625850328244,True
0,1,11.783279418945312,0,0,29.08248599851504,1805.639427038841,1834.724904038012,True
0,0,8.348700523376465,0,0,50.52508699009195,0.0,50.52621301729232,False
0,0,8.982463836669922,0,0,41.7466220096685,0.0,41.747209965251386,False
0,0,8.828862190246582,0,0,40.38983798818663,0.0,40.39033001754433,False
0,0,7.93306827545166,0,0,53.90275502577424,0.0,53.90344298211858,False
0,0,10.120779037475586,0,0,41.41736897872761,0.0,41.418011009227484,False
0,0,8.438385009765625,0,0,36.50371194817126,0.0,36.5040649776347,False
0,0,5.333548069000244,0,0,5.086001998279244,0.0,5.092351988423616,False
0,0,8.641622543334961,0,0,5.934973014518619,0.0,5.9355589910410345,False
0,0,10.29762077331543,0,0,6.53045205399394,0.0,6.531043036375195,False
0,1,12.6578950881958,0,0,5.403527000453323,1096.3923450326547,1101.7991980188526,True
0,0,9.442544937133789,0,0,11.914893984794617,0.0,11.915664013940841,False
1,1,24.366357803344727,0,0,5.322053038980812,1364.8102700244635,1370.1347680180334,True
0,0,5.662535667419434,0,0,30.496216961182654,0.0,30.497395957354456,False
1,1,16.946828842163086,1,1,17.68747402820736,1390.1643749559298,1407.8544870135374,True
0,0,9.675949096679688,0,0,56.33571499492973,0.0,56.33687099907547,False
0,0,9.849319458007812,0,0,44.653099961578846,0.0,44.65381498448551,False
0,0,7.663730144500732,0,0,55.20219600293785,0.0,55.20332895684987,False
1,1,25.040496826171875,0,0,33.97652099374682,1241.3468940067105,1275.3257100121118,True
0,0,8.751815795898438,0,0,55.84920197725296,0.0,55.85029500070959,False
0,0,7.236447811126709,0,0,37.05690702190623,0.0,37.057538982480764,False
0,0,8.385494232177734,0,0,32.62690803967416,0.0,32.62733400333673,False
0,0,7.178614616394043,0,0,43.393177969846874,0.0,43.39388996595517,False
0,0,10.352787017822266,0,0,15.939996985252947,0.0,15.940563986077905,False
0,0,9.710088729858398,0,0,15.912141010630876,0.0,15.912655973806977,False
0,0,7.946493625640869,0,0,18.81562900962308,0.0,18.816157011315227,False
0,0,9.579927444458008,0,0,15.052078990265727,0.0,15.052634000312537,False
0,0,10.286886215209961,0,0,21.900665014982224,0.0,21.90123696345836,False
1,1,16.1456356048584,1,1,15.14734502416104,1223.9232489955612,1239.0816950355656,True
0,1,13.454401016235352,0,0,18.744352972134948,1732.8163979691453,1751.5626120148227,True
0,0,9.073382377624512,0,0,50.44106504647061,0.0,50.441868021152914,False
0,0,7.141307830810547,0,0,36.55784495640546,0.0,36.55844897730276,False
0,0,10.065629005432129,0,0,40.39244499290362,0.0,40.393000992480665,False
1,1,14.126398086547852,1,1,62.693708983715624,1576.0705739958212,1638.767295051366,True
0,0,6.597928524017334,0,0,36.9302459876053,0.0,36.93116898648441,False
0,0,7.9702534675598145,0,0,47.34180495142937,0.0,47.34236904187128,False
0,0,7.291713237762451,0,0,33.073058002628386,0.0,33.07357802987099,False
0,0,8.308889389038086,0,0,36.80989699205384,0.0,36.810385005082935,False
0,0,7.224827289581299,0,0,62.09975900128484,0.0,62.10054497933015,False
0,0,7.129289150238037,0,0,36.185560980811715,0.0,36.18612902937457,False
0,0,7.942456245422363,0,0,32.91122702648863,0.0,32.91220002574846,False
0,0,7.132233619689941,0,0,18.69572402210906,0.0,18.696447019465268,False
0,0,7.53701639175415,0,0,6.4267650013789535,0.0,6.427381013054401,False
0,0,8.37625789642334,0,0,7.940818963106722,0.0,7.941300980746746,False
0,0,5.44198751449585,0,0,8.476597024127841,0.0,8.477085968479514,False
1,1,16.482379913330078,0,0,5.18327800091356,1687.1693619759753,1692.3551680520177,True
0,0,7.342679500579834,0,0,22.407704032957554,0.0,22.409168945159763,False
0,0,9.412960052490234,0,0,11.809469026047736,0.0,11.809948016889393,False
0,0,5.970281600952148,0,0,11.313305993098766,0.0,11.31381100276485,False
0,0,6.816290855407715,0,0,11.36563898762688,0.0,11.366133985575289,False
0,0,9.835997581481934,0,0,13.988743012305349,0.0,13.989273982588202,False
0,0,9.46199893951416,0,0,13.950868975371122,0.0,13.951805012766272,False
0,0,6.506021976470947,0,0,11.274294985923916,0.0,11.274750984739512,False
1,1,22.705490112304688,0,0,7.765370013657957,1253.4089250257239,1261.177072999999,True
0,0,9.131339073181152,0,0,21.779707982204854,0.0,21.781076036859304,False
0,0,7.7844085693359375,0,0,10.423159983474761,0.0,10.423707019072026,False
0,0,7.512040138244629,0,0,12.678681989200413,0.0,12.679134961217642,False
0,0,9.096559524536133,0,0,10.474547045305371,0.0,10.475101007614285,False
1,1,20.446542739868164,1,1,8.08447104645893,1405.2707210066728,1413.3580179768614,True
0,0,7.618083953857422,0,0,40.18336400622502,0.0,40.184539975598454,False
1,1,22.834556579589844,0,0,18.0826629512012,1051.6317749861628,1069.7172580403276,True
0,0,9.316909790039062,0,0,50.52283499389887,0.0,50.52374198567122,False
0,0,8.772119522094727,0,0,44.97732495656237,0.0,44.97791198082268,False
1,1,24.072986602783203,0,0,30.346788000315428,1122.864612028934,1153.2135479501449,True
0,0,7.57385778427124,0,0,56.24020996037871,0.0,56.24114302918315,False
1,1,23.852500915527344,0,0,39.82109297066927,1318.9530820236541,1358.7769939913414,True
0,0,11.47605037689209,0,0,53.844903013668954,0.0,53.846125956624746,False
0,0,10.143471717834473,0,0,34.223710012156516,0.0,34.22416897956282,False
1,1,19.637022018432617,0,0,30.334541981574148,1316.3572510238737,1346.6942770173773,True
0,0,8.676398277282715,0,0,61.921146989334375,0.0,61.92253396147862,False
0,0,6.239020347595215,0,0,34.74495996488258,0.0,34.745520970318466,False
1,1,24.546432495117188,0,0,30.67591303260997,1309.0040840324946,1339.6822229842655,True
0,0,11.18399715423584,0,0,49.38885598676279,0.0,49.38993602991104,False
0,0,10.23607063293457,0,0,41.2066740100272,0.0,41.208183974958956,False
0,0,7.890492916107178,0,0,37.53935103304684,0.0,37.54009498516098,False
0,0,8.3633394241333,0,0,47.21433197846636,0.0,47.21491003874689,False
0,0,10.427340507507324,0,0,34.6342739649117,0.0,34.6347899758257,False
0,0,8.254718780517578,0,0,34.48930702870712,0.0,34.49072100920603,False
0,0,7.176027774810791,0,0,19.61292704800144,0.0,19.61347000906244,False
0,0,6.949235916137695,0,0,8.023823029361665,0.0,8.024258015211672,False
0,0,9.488865852355957,0,0,7.24843901116401,0.0,7.248892972711474,False
0,0,8.08859634399414,0,0,8.19219503318891,0.0,8.192769018933177,False
0,0,6.639315128326416,0,0,7.67239200649783,0.0,7.672868960071355,False
0,0,10.101924896240234,0,0,5.637571041006595,0.0,5.638086993712932,False
0,0,7.387815475463867,0,0,5.813432042486966,0.0,5.813986994326115,False
1,1,22.095417022705078,0,0,6.12434302456677,1253.0464109731838,1259.1738490154967,True
1,1,19.88414764404297,1,1,9.59520204924047,1227.2224019980058,1236.8209200212732,True
0,1,11.87795352935791,0,0,22.41606399184093,1404.3502919957973,1426.7678629839793,True
0,0,7.583927631378174,0,0,37.403474969323725,0.0,37.40436298539862,False
0,0,8.03234577178955,0,0,28.962131997104734,0.0,28.962507029064,False
0,0,10.124139785766602,0,0,28.248159040231258,0.0,28.248724003788084,False
0,0,8.767940521240234,0,0,23.007265001069754,0.0,23.007849988061935,False
0,0,5.999507427215576,0,0,34.00615695863962,0.0,34.0066310018301,False
0,0,8.698915481567383,0,0,28.374139976222068,0.0,28.374735033139586,False
1,1,23.814619064331055,0,0,17.771207028999925,993.3416229905561,1011.1156029743142,True
0,0,9.070684432983398,0,0,27.21619699150324,0.0,27.21732499776408,False
0,0,7.859908580780029,0,0,17.559291038196534,0.0,17.560352047439665,False
0,0,9.670503616333008,0,0,17.202665039803833,0.0,17.20317202853039,False
0,0,8.290980339050293,0,0,17.534004000481218,0.0,17.534702958073467,False
0,0,9.365299224853516,0,0,16.2830280023627,0.0,16.28445601090789,False
0,0,11.15499210357666,0,0,15.997372975107282,0.0,15.9983349731192,False
0,0,7.769777297973633,0,0,22.89721096167341,0.0,22.897679009474814,False
0,0,10.832097053527832,0,0,17.68887200159952,0.0,17.689444997813553,False
1,1,21.86042022705078,1,0,15.061606012750417,1003.1262999982573,1018.1903750053607,True
0,0,9.952780723571777,0,0,19.495813990943134,0.0,19.496892986353487,False
0,0,5.61065673828125,0,0,20.976726023945957,0.0,20.977312000468373,False
1,1,26.069778442382812,0,0,14.972251025028527,919.4982699700631,934.4729830045253,True
0,0,7.7651472091674805,0,0,58.21938801091164,0.0,58.22034302400425,False
0,0,6.6523284912109375,0,0,32.683263008948416,0.0,32.683631987310946,False
1,1,16.113725662231445,0,0,31.188316992484033,1096.135568979662,1127.326740999706,True
0,0,9.141448974609375,0,0,27.128742018248886,0.0,27.129708032589406,False
0,0,6.561543941497803,0,0,16.816942021250725,0.0,16.818560019601136,False
0,0,7.927495956420898,0,0,19.04600200941786,0.0,19.046608009375632,False
0,0,8.437631607055664,0,0,15.841261949390173,0.0,15.841896005440503,False
1,1,23.541257858276367,0,0,14.774675015360117,1071.3567800121382,1086.1348540056497,True
1,1,18.71314239501953,1,1,54.471460985951126,1373.5549750272185,1428.0298670055345,True
0,0,6.715737819671631,0,0,54.05105801764876,0.0,54.05212700134143,False
0,0,6.733464241027832,0,0,47.45861596893519,0.0,47.4592880345881,False
0,0,9.736241340637207,0,0,64.16793301468715,0.0,64.1690669581294,False
0,0,8.136981010437012,0,0,12.252472981344908,0.0,12.253123975824565,False
0,0,6.247936248779297,0,0,7.051949971355498,0.0,7.052809989545494,False
0,0,9.692655563354492,0,0,8.050476957578212,0.0,8.051090000662953,False
1,1,20.22338104248047,1,1,6.195041001774371,1331.1806689598598,1337.3784680152312,True
1,1,17.191469192504883,1,1,14.102115004789084,1228.6775649990886,1242.7829470252618,True
1,1,15.98552131652832,1,1,35.66755901556462,1259.5585730159655,1295.2290480025113,True
0,0,8.886028289794922,0,0,65.58602204313502,0.0,65.58730901451781,False
0,0,9.787981986999512,0,0,34.82601302675903,0.0,34.8264470230788,False
0,0,8.117789268493652,0,0,50.503348000347614,0.0,50.503837992437184,False
0,0,7.8588666915893555,0,0,34.581220999825746,0.0,34.58186698844656,False
0,0,8.790545463562012,0,0,35.08829599013552,0.0,35.08865897310898,False
0,0,8.62956428527832,0,0,54.2079369770363,0.0,54.2083450127393,False
0,1,14.241633415222168,0,0,27.51762402476743,709.4536549993791,736.9739730493166,True
0,0,7.867560863494873,0,0,14.324087998829782,0.0,14.325027004815638,False
0,0,9.620390892028809,0,0,5.559903976973146,0.0,5.561114987358451,False
0,0,7.825331211090088,0,0,6.636161997448653,0.0,6.637012003920972,False
1,1,24.34003257751465,0,0,4.600281012244523,2993.132405972574,2997.7360690245405,True
0,0,8.424459457397461,0,0,35.94652295578271,0.0,35.947457945439965,False
0,0,7.67071008682251,0,0,22.89027301594615,0.0,22.89084199583158,False
1,1,23.066917419433594,0,0,17.386308987624943,1347.2801959724165,1364.6691220346838,True
0,0,10.19715690612793,0,0,61.624391993973404,0.0,61.62605999270454,False
0,0,5.244228363037109,0,0,41.08349699527025,0.0,41.08411801280454,False
0,1,12.125099182128906,0,0,48.641035973560065,1255.4287320235744,1304.0729149943218,True
0,0,7.304779052734375,0,0,57.32077400898561,0.0,57.32170003466308,False
1,1,20.428546905517578,0,0,41.47125600138679,1950.8802919881418,1992.3543129698373,True
0,0,9.424898147583008,0,0,53.436227957718074,0.0,53.437466034665704,False
0,0,8.089493751525879,0,0,39.33073702501133,0.0,39.33131601661444,False
0,0,8.761841773986816,0,0,34.9921640008688,0.0,34.99323897995055,False
0,0,9.334914207458496,0,0,57.19169700751081,0.0,57.19293002039194,False
0,0,9.201859474182129,0,0,41.8463529786095,0.0,41.84705502120778,False
0,0,6.066686153411865,0,0,36.11187799833715,0.0,36.11246799118817,False
0,0,8.600015640258789,0,0,5.931546969804913,0.0,5.9321270091459155,False
0,0,9.463916778564453,0,0,9.996251028496772,0.0,9.996820008382201,False
0,0,6.573866844177246,0,0,8.908418007194996,0.0,8.908999967388809,False
0,0,8.471870422363281,0,0,6.520224967971444,0.0,6.520811002701521,False
1,1,25.475595474243164,0,0,7.537177996709943,1241.8630220345221,1249.4028139626607,True
0,0,7.20965051651001,0,0,14.938049018383026,0.0,14.938889944460243,False
0,0,8.377699851989746,0,0,6.27495301887393,0.0,6.2752990052104,False
0,0,7.936460494995117,0,0,6.432252994272858,0.0,6.4327840227633715,False
1,1,16.62820816040039,1,1,8.653094992041588,1869.4016099907458,1878.0570839880966,True
0,0,7.614164352416992,0,0,58.975379972252995,0.0,58.97654703585431,False
1,1,20.002477645874023,1,1,29.439339006785303,1296.9660469680093,1326.4081959496252,True
1,1,23.616519927978516,1,1,49.61302998708561,1287.1949290274642,1336.8110670126043,True
0,1,12.125944137573242,0,0,57.073080039117485,1152.2947179619223,1209.3707679887302,True
0,0,9.603446960449219,0,0,59.68551500700414,0.0,59.68716996721923,False
0,0,8.93635368347168,0,0,36.65290802018717,0.0,36.6534250206314,False
1,1,22.546661376953125,1,0,50.204321974888444,1437.5655470066704,1487.7709349966608,True
0,0,7.155824184417725,0,0,56.250454974360764,0.0,56.251075002364814,False
0,0,8.264755249023438,0,0,33.71442499337718,0.0,33.71545800473541,False
0,0,10.56275463104248,0,0,38.77153299981728,0.0,38.7721229926683,False
0,0,5.856334209442139,0,0,54.95680496096611,0.0,54.95738104218617,False
0,0,9.22213077545166,0,0,33.58933801064268,0.0,33.589794009458274,False
0,0,7.617890357971191,0,0,32.24454203154892,0.0,32.24502602824941,False
0,0,9.661297798156738,0,0,8.093031006865203,0.0,8.093698997981846,False
0,0,9.90952205657959,0,0,7.168014999479055,0.0,7.168593001551926,False
0,0,8.738787651062012,0,0,7.313420006539673,0.0,7.313846959732473,False
0,0,9.935369491577148,0,0,8.072966011241078,0.0,8.07353004347533,False
1,1,21.30331039428711,0,0,7.683546980842948,1340.8574659842998,1348.5429649590515,True
0,0,9.03216552734375,0,0,7.842763036023825,0.0,7.8434739843942225,False
0,0,8.808488845825195,0,0,6.543149997014552,0.0,6.543722003698349,False
0,0,7.648322105407715,0,0,6.195463007315993,0.0,6.1960419989191,False
0,0,5.483664512634277,0,0,4.862203961238265,0.0,4.862834000959992,False
0,0,7.620969295501709,0,0,4.562382004223764,0.0,4.562947957310826,False
0,0,11.375673294067383,0,0,5.50084700807929,0.0,5.501374020241201,False
0,0,6.7140421867370605,0,0,7.902210985776037,0.0,7.902798010036349,False
0,0,11.159789085388184,0,0,8.288795012049377,0.0,8.289344026707113,False
0,1,15.385930061340332,0,0,8.000119996722788,1118.8757079653442,1126.8790060421452,True
1,1,21.79256248474121,0,0,23.748725012410432,1092.2968789818697,1116.048868978396,True
0,0,8.879435539245605,0,0,33.18009997019544,0.0,33.18103199126199,False
0,0,5.424568176269531,0,0,17.832194978836924,0.0,17.83262100070715,False
0,0,7.745553016662598,0,0,21.928912959992886,0.0,21.929528971668333,False
0,0,11.353679656982422,0,0,21.5340270078741,0.0,21.53459796682,False
0,0,6.318160533905029,0,0,21.742424985859543,0.0,21.742910030297935,False
0,0,10.848210334777832,0,0,27.002122020348907,0.0,27.003084018360823,False
0,0,7.29378080368042,0,0,19.781429029535502,0.0,19.78246500948444,False
0,0,6.827773094177246,0,0,19.197773013729602,0.0,19.198372960090637,False
0,0,11.172842979431152,0,0,16.12072897842154,0.0,16.121700988151133,False
0,0,8.13033390045166,0,0,19.037596008274704,0.0,19.038115977309644,False
0,0,11.044530868530273,0,0,21.63488295627758,0.0,21.635544020682573,False
0,0,9.204353332519531,0,0,15.40755300084129,0.0,15.408492006827146,False
0,0,6.360439777374268,0,0,15.805264993105084,0.0,15.805731993168592,False
0,0,8.966724395751953,0,0,19.15388199267909,0.0,19.1545250127092,False
0,0,9.872686386108398,0,0,15.611997048836201,0.0,15.612891991622746,False
0,0,10.827892303466797,0,0,16.13650401122868,0.0,16.137471015099436,False
1,1,20.87670135498047,1,1,16.114429046865553,1188.593793020118,1204.7108080005273,True
0,0,9.46971321105957,0,0,16.705693036783487,0.0,16.70665998244658,False
0,0,8.744195938110352,0,0,8.363135973922908,0.0,8.363575965631753,False
0,0,8.022590637207031,0,0,7.867939013522118,0.0,7.868466025684029,False
0,0,9.642388343811035,0,0,8.299376990180463,0.0,8.29994899686426,False
0,0,9.958740234375,0,0,8.839526970405132,0.0,8.840254973620176,False
0,0,9.038561820983887,0,0,4.911729018203914,0.0,4.912331001833081,False
1,1,18.213634490966797,1,1,5.2304810378700495,1777.4918269715272,1782.7257469762117,True
0,0,9.565262794494629,0,0,19.315482990350574,0.0,19.316799996886402,False
0,0,8.754484176635742,0,0,21.09016600297764,0.0,21.09065296826884,False
0,0,7.952160835266113,0,0,21.0253469995223,0.0,21.02579502388835,False
1,1,18.568483352661133,1,1,15.960387012455612,1282.8984830412082,1298.861177987419,True
0,0,9.139196395874023,0,0,35.283586010336876,0.0,35.28432996245101,False
1,1,18.460521697998047,1,0,22.45553699322045,1196.6065359883942,1219.0649000112899,True
0,0,8.318933486938477,0,0,55.142502998933196,0.0,55.14341400703415,False
0,0,11.306482315063477,0,0,39.899961033370346,0.0,39.90049101412296,False
0,0,7.767212867736816,0,0,39.995062979869545,0.0,39.99566996935755,False
1,1,23.380428314208984,1,1,70.8361299475655,1477.0974049461074,1547.9364710045047,True
0,0,9.679400444030762,0,0,36.968436965253204,0.0,36.96946398122236,False
0,0,7.905009746551514,0,0,55.89672195492312,0.0,55.89787696953863,False
1,1,24.806087493896484,0,0,32.02816401608288,1366.673965996597,1398.7049189745449,True
0,0,8.848546028137207,0,0,25.57645895285532,0.0,25.578697968740016,False
0,0,7.069848537445068,0,0,16.75478194374591,0.0,16.75539999268949,False
0,0,8.953655242919922,0,0,19.05193703714758,0.0,19.052524003200233,False
1,1,24.76600456237793,1,1,15.838248014915735,1264.219829987269,1280.061140016187,True
0,0,7.792824745178223,0,0,54.92785503156483,0.0,54.92907401639968,False
0,0,7.332277297973633,0,0,36.50050103897229,0.0,36.50114900665358,False
0,0,9.940875053405762,0,0,35.2329290471971,0.0,35.233422997407615,False
0,0,8.527454376220703,0,0,49.23992499243468,0.0,49.24046399537474,False
0,1,13.14191722869873,0,0,38.813616964034736,1011.149255966302,1049.9663389637135,True
0,0,11.116214752197266,0,0,55.73009996442124,0.0,55.731156026013196,False
0,0,11.458028793334961,0,0,33.12253102194518,0.0,33.12315000221133,False
1,1,25.929311752319336,0,0,28.094318986404687,1558.4031790494919,1586.5006349631585,True
0,0,9.697820663452148,0,0,54.35351695632562,0.0,54.354801948647946,False
0,0,9.004034996032715,0,0,34.80684501118958,0.0,34.80741096427664,False
0,0,6.729970455169678,0,0,35.711465985514224,0.0,35.71243700571358,False
0,1,11.885323524475098,0,0,48.90318203251809,1482.1502509876154,1531.0567260021344,True
0,0,9.302898406982422,0,0,37.154718942474574,0.0,37.15547698084265,False
0,0,7.6300368309021,0,0,59.476683964021504,0.0,59.4770890311338,False
0,0,7.4889092445373535,0,0,34.85434397589415,0.0,34.854921977967024,False
0,0,9.519728660583496,0,0,34.1784359770827,0.0,34.17904197704047,False
0,0,5.3655853271484375,0,0,39.542443002574146,0.0,39.543140039313585,False
0,0,8.833044052124023,0,0,6.050563999451697,0.0,6.050862022675574,False
0,0,8.188509941101074,0,0,4.723846970591694,0.0,4.724342958070338,False
0,0,8.356416702270508,0,0,5.257736018393189,0.0,5.258255987428129,False
0,0,9.710814476013184,0,0,4.880681983195245,0.0,4.881269007455558,False
0,0,11.333765983581543,0,0,4.929593997076154,0.0,4.930060007609427,False
0,0,8.780214309692383,0,0,4.494953958783299,0.0,4.495587956625968,False
0,0,8.790053367614746,0,0,4.652449977584183,0.0,4.653044976294041,False
0,0,6.741081714630127,0,0,5.260509031359106,0.0,5.261083017103374,False
0,0,7.327890872955322,0,0,5.250111978966743,0.0,5.250679969321936,False
0,0,7.11823034286499,0,0,5.282238009385765,0.0,5.282892030663788,False
1,1,23.972158432006836,0,0,5.845790030434728,1098.7620450323448,1104.61055097403,True
0,0,8.975387573242188,0,0,11.930366978049278,0.0,11.931766988709569,False
0,0,9.554327011108398,0,0,5.282848025672138,0.0,5.283348029479384,False
0,1,11.928544044494629,0,0,5.303126992657781,1795.0018249684945,1800.3064399817958,True
0,0,9.989215850830078,0,0,26.42726496560499,0.0,26.42828901298344,False
1,1,22.1409969329834,0,0,16.060484980698675,1065.941583015956,1082.0048159803264,True
0,0,8.785225868225098,0,0,55.693723959848285,0.0,55.69451197516173,False
1,1,25.47405242919922,0,0,40.23933399002999,1198.7968509783968,1239.0388129861094,True
0,0,8.65708065032959,0,0,67.01855099527165,0.0,67.0197069994174,False
0,0,8.369802474975586,0,0,36.23297403100878,0.0,36.23346198583022,False
1,1,24.34029769897461,0,0,55.72464701253921,1314.9943360476755,1370.721665036399,True
0,0,9.362095832824707,0,0,24.695937987416983,0.0,24.696918961126357,False
0,0,11.074828147888184,0,0,18.81660200888291,0.0,18.817298987414688,False
0,0,9.679059982299805,0,0,15.99280204391107,0.0,15.993367007467896,False
0,0,8.893768310546875,0,0,16.51832100469619,0.0,16.518911987077445,False
0,0,9.615696907043457,0,0,16.490990994498134,0.0,16.491591988597065,False
0,0,11.212520599365234,0,0,18.36846797959879,0.0,18.368889985140413,False
0,0,7.782964706420898,0,0,27.19973400235176,0.0,27.200690004974604,False
0,0,6.964812755584717,0,0,17.41736102849245,0.0,17.41818798473105,False
0,0,8.267953872680664,0,0,16.53863600222394,0.0,16.539165982976556,False
1,1,18.17521858215332,1,1,15.736889035906643,1604.2003379552625,1619.9401250341907,True
1,1,19.41623878479004,0,0,12.786562961991876,1381.8790749646723,1394.667290034704,True
1,1,24.106313705444336,0,0,30.95689503243193,1301.504856965039,1332.464644976426,True
0,0,7.494704246520996,0,0,66.61982199875638,0.0,66.62102998234332,False
1,1,26.577238082885742,0,0,31.88322199275717,876.6146930283867,908.501352998428,True
1,1,22.597890853881836,0,1,47.241793014109135,1704.2927049915306,1751.5374639770016,True
0,0,11.419130325317383,0,0,61.83720100671053,0.0,61.838040011934936,False
0,0,6.809900760650635,0,0,39.878482988569885,0.0,39.87905802205205,False
0,0,9.736844062805176,0,0,56.8072889582254,0.0,56.80804402800277,False
0,0,7.7685346603393555,0,0,44.45843899156898,0.0,44.45944301551208,False
0,0,8.770081520080566,0,0,43.50440501002595,0.0,43.50516200065613,False
1,1,21.19429588317871,0,0,5.172646953724325,1064.1123750247061,1069.2875199601986,True
0,0,8.825712203979492,0,0,10.49831201089546,0.0,10.499167023226619,False
0,0,7.9174981117248535,0,0,6.512413965538144,0.0,6.512935971841216,False
0,0,10.726022720336914,0,0,5.3764599724672735,0.0,5.376962013542652,False
0,0,10.688006401062012,0,0,4.623788001481444,0.0,4.62438800605014,False
0,0,7.278196334838867,0,0,4.626983019988984,0.0,4.627575981430709,False
0,0,10.13576889038086,0,0,4.609360010363162,0.0,4.609831026755273,False
0,0,8.780900955200195,0,0,5.192857002839446,0.0,5.193430988583714,False
0,0,7.488834857940674,0,0,4.57317300606519,0.0,4.573746002279222,False
0,0,9.410094261169434,0,0,4.53872699290514,0.0,4.53933299286291,False
1,1,21.63976287841797,0,0,4.391886992380023,1227.1208739839494,1231.5156060503796,True
0,0,11.121194839477539,0,0,24.320028023794293,0.0,24.321253004018217,False
0,0,9.061729431152344,0,0,15.795331040862948,0.0,15.796246996615082,False
0,0,10.342385292053223,0,0,14.996330020949244,0.0,14.99678404070437,False
0,0,7.88942813873291,0,0,15.840291976928711,0.0,15.841193962842226,False
0,0,8.520155906677246,0,0,18.642361974343657,0.0,18.642921990249306,False
0,0,7.566107749938965,0,0,14.891533995978534,0.0,14.892028004396707,False
0,0,10.565971374511719,0,0,21.30032901186496,0.0,21.300945023540407,False
0,0,7.430019378662109,0,0,15.417905990034342,0.0,15.418363036587834,False
1,1,15.756902694702148,1,0,15.263837995007634,1317.8910059505142,1333.1573010073043,True
0,0,7.976162433624268,0,0,24.038527975790203,0.0,24.03972204774618,False
0,0,9.37078857421875,0,0,15.598196012433618,0.0,15.598613012116402,False
1,1,22.75872802734375,1,0,14.25315102096647,927.4822479928844,941.7370510054752,True
0,0,7.610714912414551,0,0,49.97736302902922,0.0,49.97815296519548,False
0,0,8.420906066894531,0,0,37.57684904849157,0.0,37.57749299984425,False
0,0,8.269610404968262,0,0,31.614842009730637,0.0,31.615537009201944,False
0,0,4.935398578643799,0,0,43.85565797565505,0.0,43.85629401076585,False
0,0,11.012803077697754,0,0,15.87558601750061,0.0,15.876082004979253,False
0,0,6.202590465545654,0,0,17.62841403251514,0.0,17.628900008276105,False
0,0,8.753663063049316,0,0,16.234256036113948,0.0,16.23478002147749,False
1,1,16.03998374938965,0,0,14.856034016702324,1796.7641410068609,1811.6295299842022,True
0,0,8.899979591369629,0,0,58.985425042919815,0.0,58.98671003524214,False
1,1,24.54690170288086,0,0,31.900850008241832,1017.5728289759718,1049.4766249903478,True
0,0,9.998318672180176,0,0,56.05507199652493,0.0,56.05601903516799,False
0,0,5.534906387329102,0,0,35.69279203657061,0.0,35.693607991561294,False
0,0,8.054608345031738,0,0,44.76318502565846,0.0,44.763816986232996,False
0,0,11.431825637817383,0,0,57.043171022087336,0.0,57.04409896861762,False
0,0,9.422812461853027,0,0,36.95904201595113,0.0,36.959682998713106,False
0,0,7.849124908447266,0,0,34.878213016781956,0.0,34.87874299753457,False
0,0,8.639608383178711,0,0,11.371020984370261,0.0,11.371702014002949,False
0,1,13.819459915161133,0,0,7.485254958737642,1118.041614012327,1125.5279119941406,True
0,0,6.977263927459717,0,0,7.078616006765515,0.0,7.07933702506125,False
0,0,6.88680362701416,0,0,9.154866042081267,0.0,9.155377978459,False
0,0,9.031846046447754,0,0,5.094989028293639,0.0,5.0955130136571825,False
0,0,7.899975776672363,0,0,5.3279660060070455,0.0,5.32846903661266,False
0,1,12.000503540039062,0,0,6.529489997774363,1137.937690014951,1144.4699889980257,True
0,0,11.215906143188477,0,0,29.316438012756407,0.0,29.317536973394454,False
0,0,8.108285903930664,0,0,16.311803017742932,0.0,16.31241198629141,False
0,1,12.716092109680176,0,0,16.357460990548134,1197.39175302675,1213.7521570548415,True
0,0,6.68991231918335,0,0,57.980278972536325,0.0,57.98122100532055,False
0,0,7.732842922210693,0,0,42.04663698328659,0.0,42.04727098112926,False
0,0,9.396626472473145,0,0,60.17613399308175,0.0,60.17672101734206,False
0,0,9.134252548217773,0,0,31.973668024875224,0.0,31.974220008123666,False
1,1,19.87204933166504,1,0,31.6331890062429,1373.7398860394023,1405.375685018953,True
0,0,9.859345436096191,0,0,13.25088000157848,0.0,13.25266098137945,False
0,0,7.354459762573242,0,0,6.229267979506403,0.0,6.230219965800643,False
0,0,9.442342758178711,0,0,5.951872968580574,0.0,5.952365987468511,False
0,0,6.362842082977295,0,0,7.219752995297313,0.0,7.220243976917118,False
0,0,7.161001205444336,0,0,4.715074028354138,0.0,4.715722985565662,False
1,1,24.426408767700195,0,0,4.389747977256775,1106.247126008384,1110.6394240050577,True
0,0,7.162289142608643,0,0,25.846575968898833,0.0,25.847684999462217,False
0,0,7.710024356842041,0,0,16.465310007333755,0.0,16.465867985971272,False
0,0,7.700178146362305,0,0,15.783726994413882,0.0,15.784153016284108,False
0,0,9.0413818359375,0,0,18.084185954649,0.0,18.084862967953086,False
0,0,9.783271789550781,0,0,18.653587030712515,0.0,18.654200015589595,False
0,0,6.260167121887207,0,0,20.07075399160385,0.0,20.071267033927143,False
0,0,9.330289840698242,0,0,24.35613697161898,0.0,24.356942041777074,False
0,0,10.665719032287598,0,0,15.986378013622016,0.0,15.987408987712115,False
0,0,10.5473051071167,0,0,16.308902006130666,0.0,16.309377970173955,False
0,0,6.701112270355225,0,0,13.969730003736913,0.0,13.970347004942596,False
0,1,12.248835563659668,0,0,7.883312995545566,898.8489710027352,906.7349520046264,True
0,0,7.690409183502197,0,0,13.040755002293736,0.0,13.041819969657809,False
0,0,7.372668743133545,0,0,5.778510996606201,0.0,5.779091035947204,False
0,0,6.746211528778076,0,0,7.332740991842002,0.0,7.333207002375275,False
0,0,10.213408470153809,0,0,4.834546998608857,0.0,4.835107014514506,False
1,1,24.95920181274414,0,0,5.8308300212956965,1089.4273329759017,1095.2607519575395,True
1,1,23.618303298950195,1,0,18.04979902226478,1640.0770159671083,1658.1294810166582,True
1,1,22.78229331970215,0,0,23.132649017497897,975.6826719967648,998.8188639981672,True
1,1,25.29865074157715,0,0,29.075998987536877,917.4589649774134,946.538528020028,True
1,1,20.008480072021484,0,0,50.47309200745076,1212.5767010147683,1263.0528890294954,True
0,0,7.252787113189697,0,0,66.8849729700014,0.0,66.8860329897143,False
0,0,8.3408842086792,0,0,44.771214947104454,0.0,44.771727989427745,False
1,1,14.297087669372559,1,1,56.26335897250101,1170.2812329749577,1226.5474229934625,True
0,0,10.446785926818848,0,0,54.691386001650244,0.0,54.69234904740006,False
0,0,10.281999588012695,0,0,33.55669998563826,0.0,33.557093993294984,False
0,0,9.909316062927246,0,0,32.02078299364075,0.0,32.02140500070527,False
0,0,9.669271469116211,0,0,45.56128598051146,0.0,45.56180100189522,False
0,0,8.929213523864746,0,0,18.144598987419158,0.0,18.145030015148222,False
1,1,23.627599716186523,0,0,13.943686964921653,1262.757435964886,1276.70266199857,True
0,0,7.376234531402588,0,0,23.040505009703338,0.0,23.04123801877722,False
0,0,7.713359355926514,0,0,15.406235994305462,0.0,15.406600956339389,False
0,0,7.404773712158203,0,0,18.173632968682796,0.0,18.174108990933746,False
0,0,6.7756547927856445,0,0,15.47987904632464,0.0,15.480811998713762,False
0,0,7.931371688842773,0,0,15.635018004104495,0.0,15.635646996088326,False
0,1,13.060392379760742,0,0,15.050400979816914,1019.5428940351121,1034.5963450381532,True
0,0,9.72632122039795,0,0,25.83424502518028,0.0,25.835128035396338,False
0,0,9.015871047973633,0,0,16.557405004277825,0.0,16.557927010580897,False
0,0,8.446188926696777,0,0,16.682001994922757,0.0,16.682697052601725,False
1,1,22.106056213378906,0,0,15.152606007177383,816.8794370139949,832.0347040425986,True
1,1,23.019184112548828,1,1,45.46505998587236,1223.9221719792113,1269.3901599850506,True
0,0,6.377845764160156,0,0,64.44933702005073,0.0,64.45025705033913,False
0,0,8.303539276123047,0,0,40.363884007092565,0.0,40.36435700254515,False
0,0,6.465068340301514,0,0,53.52241103537381,0.0,53.52416500682011,False
0,0,8.023384094238281,0,0,38.13865297706798,0.0,38.13961602281779,False
0,0,8.629416465759277,0,0,7.795745972543955,0.0,7.796291960403323,False
0,0,7.159465312957764,0,0,7.1237810188904405,0.0,7.1244160062633455,False
0,0,9.981192588806152,0,0,7.1645009447820485,0.0,7.165031973272562,False
0,0,7.745323657989502,0,0,8.303048030938953,0.0,8.303547976538539,False
0,1,12.415704727172852,0,0,6.177576025947928,1163.6211940203793,1169.8017149465159,True
0,0,8.064228057861328,0,0,15.702600998338312,0.0,15.703597979154438,False
1,1,22.629114151000977,0,0,5.511017981916666,1368.8927260227501,1374.4063649792224,True
1,1,15.122471809387207,1,1,17.270264972466975,1658.1722639966756,1675.4464880214073,True
0,0,8.685830116271973,0,0,34.083057020325214,0.0,34.08379398752004,False
1,1,24.550559997558594,0,0,18.054026004392654,816.7304159724154,834.7867680131458,True
1,1,26.145233154296875,1,1,46.42552795121446,1278.5022380412556,1324.9308180529624,True
0,0,10.334718704223633,0,0,55.00832601683214,0.0,55.009333009365946,False
1,1,24.75281524658203,0,0,33.321488997898996,890.2920660329983,923.6160750151612,True
1,1,25.216115951538086,0,0,46.97681998368353,1073.6821840400808,1120.6614159746096,True
1,1,25.039976119995117,0,1,47.55757900420576,1023.4792630071752,1071.0401369724423,True
1,1,23.134431838989258,1,0,68.43399198260158,1035.4961620178074,1103.9334390079603,True
0,0,11.438594818115234,0,0,58.494339988101274,0.0,58.49537701578811,False
0,0,7.5640339851379395,0,0,39.620452967938036,0.0,39.62100396165624,False
1,1,26.423460006713867,0,0,30.828957969788462,1286.3826559623703,1317.2139369999059,True
0,1,13.488988876342773,0,0,51.038766046985984,1302.9151649679989,1353.956660022959,True
0,0,7.299805164337158,0,0,59.69501897925511,0.0,59.69621997792274,False
0,0,9.61544418334961,0,0,40.39698000997305,0.0,40.39757698774338,False
1,1,24.33576774597168,1,1,58.48819698439911,1261.6668050177395,1320.1574799604714,True
0,0,6.0572991371154785,0,0,57.11865401826799,0.0,57.1195479715243,False
1,1,18.9528865814209,1,1,31.936448998749256,1339.7433219943196,1371.6825779993087,True
0,0,6.8790788650512695,0,0,53.91231901012361,0.0,53.91326098470017,False
0,0,6.9458818435668945,0,0,33.37158396607265,0.0,33.37233903585002,False
1,1,18.85120391845703,0,0,30.63464700244367,1045.4097960027866,1076.047977025155,True
0,0,10.015015602111816,0,0,57.33976897317916,0.0,57.34060297254473,False
0,0,10.580164909362793,0,0,35.97278200322762,0.0,35.97334696678445,False
0,0,9.053445816040039,0,0,36.83845803607255,0.0,36.83888498926535,False
0,0,9.011489868164062,0,0,57.321188040077686,0.0,57.32172803254798,False
0,0,8.868779182434082,0,0,45.23030202835798,0.0,45.23093503667042,False
0,0,8.859207153320312,0,0,11.281328042969108,0.0,11.281881015747786,False
0,0,7.891283988952637,0,0,5.996779014822096,0.0,5.9974429896101356,False
0,0,7.419565677642822,0,0,6.109008041676134,0.0,6.109430978540331,False
0,0,9.562494277954102,0,0,5.327447026502341,0.0,5.327961000148207,False
0,0,10.017579078674316,0,0,4.833137965761125,0.0,4.833708982914686,False
1,1,13.444168090820312,1,1,6.4685820252634585,1629.7488390118815,1636.2206820049323,True
1,1,13.602465629577637,1,1,11.774576036259532,1120.0125649920665,1131.79020001553,True
0,0,8.182120323181152,0,0,26.002435013651848,0.0,26.003587990999222,False
0,1,11.911224365234375,0,0,24.14344099815935,1043.5853149974719,1067.731114977505,True
1,1,22.4102725982666,1,1,47.66688297968358,1180.9492000029422,1228.6197780049406,True
0,0,8.798295021057129,0,0,60.69494999246672,0.0,60.69627503165975,False
0,0,11.122666358947754,0,0,34.69249699264765,0.0,34.69302400480956,False
0,0,10.09799861907959,0,0,33.70599099434912,0.0,33.70654600439593,False
0,1,11.925992965698242,0,0,55.57494203094393,1103.3576100016944,1158.9358839555643,True
1,1,23.995378494262695,0,0,9.096142021007836,861.7858440265991,870.8861380000599,True
0,0,11.034234046936035,0,0,35.025069024413824,0.0,35.02618597121909,False
0,0,8.740561485290527,0,0,17.7431030315347,0.0,17.743647971656173,False
0,0,9.58226490020752,0,0,17.337547964416444,0.0,17.338189005386084,False
1,1,16.711124420166016,1,1,15.883134037721902,1118.427001987584,1134.3124200357124,True
0,0,9.351912498474121,0,0,34.49793701292947,0.0,34.499133995268494,False
0,1,13.763070106506348,0,0,21.442358032800257,1097.8431780240498,1119.2883049952798,True
1,1,20.30772590637207,0,0,48.5721179866232,1189.0747059951536,1237.6500429818407,True
0,0,8.872478485107422,0,0,54.09436899935827,0.0,54.09520398825407,False
0,0,8.18679428100586,0,0,42.88465203717351,0.0,42.885266011580825,False
1,1,23.525236129760742,0,0,31.81524499086663,1065.6097069731914,1097.4275629851036,True
0,0,8.273165702819824,0,0,54.563870013225824,0.0,54.56484097521752,False
1,1,23.94687271118164,1,1,30.53952002665028,1390.1957779889926,1420.737806998659,True
0,0,9.021883964538574,0,0,66.51925604091957,0.0,66.52038899483159,False
1,1,25.880218505859375,0,0,34.192811988759786,688.2971510058269,722.4925750051625,True
0,0,7.08987283706665,0,0,52.58599400985986,0.0,52.587019046768546,False
1,1,22.98975372314453,1,1,38.6116910376586,1262.8876179805957,1301.5018799924292,True
0,0,8.068788528442383,0,0,55.67339598201215,0.0,55.67423498723656,False
0,0,7.538265705108643,0,0,34.116098016966134,0.0,34.1166440048255,False
0,0,8.93861198425293,0,0,41.603976977057755,0.0,41.604531987104565,False
0,0,7.9629082679748535,0,0,36.97915095835924,0.0,36.98027099017054,False
1,1,14.658740043640137,1,1,16.12248900346458,1123.822918976657,1139.9484620196745,True
0,1,13.022309303283691,0,0,31.18744504172355,1231.1597099760547,1262.3503820504993,True
0,0,9.13716983795166,0,0,55.27415301185101,0.0,55.27605599490926,False
0,0,6.95372200012207,0,0,44.57818798255175,0.0,44.57884799921885,False
0,0,7.289193153381348,0,0,58.41895699268207,0.0,58.41968802269548,False
0,0,9.850075721740723,0,0,36.39038203982636,0.0,36.3908659783192,False
1,1,21.887187957763672,0,0,31.020621012430638,1330.4995439830236,1361.5227700211108,True
0,0,8.13255786895752,0,0,12.03438697848469,0.0,12.03582703601569,False
0,0,8.436156272888184,0,0,9.034698945470154,0.0,9.035282011609524,False
0,0,7.882115364074707,0,0,7.401997048873454,0.0,7.402430986985564,False
0,0,10.618038177490234,0,0,5.354894034098834,0.0,5.355525005143136,False
1,1,24.744007110595703,1,1,5.989352997858077,1266.949807992205,1272.941900009755,True
0,0,9.506162643432617,0,0,28.218558989465237,0.0,28.2194780302234,False
1,1,21.29494857788086,1,1,19.93517199298367,1467.1621120069176,1487.0989830233157,True
0,0,8.493420600891113,0,0,55.26580801233649,0.0,55.26646296493709,False
1,1,22.879945755004883,0,0,30.902091006282717,982.2281660162844,1013.1327799754217,True
1,1,22.03179168701172,0,0,52.42223700042814,1211.7910019587725,1264.2170630278997,True
0,0,10.612212181091309,0,0,51.80559598375112,0.0,51.80633597774431,False
0,0,6.345337390899658,0,0,36.07021999778226,0.0,36.07124899281189,False
1,1,24.126644134521484,0,0,29.89256998989731,1006.3782169600017,1036.2734819645993,True
1,1,18.33468246459961,1,1,49.3563559721224,881.8604990374297,931.2191649805754,True
0,0,9.332833290100098,0,0,58.53615305386484,0.0,58.536824013572186,False
0,0,7.441428184509277,0,0,44.5158010115847,0.0,44.516421970911324,False
1,1,26.44161605834961,0,0,45.334213005844504,1224.0527929970995,1269.389331981074,True
0,0,9.082131385803223,0,0,49.68518199166283,0.0,49.685980018693954,False
0,0,6.858033180236816,0,0,44.550337945111096,0.0,44.55098899779841,False
0,0,9.315644264221191,0,0,33.81383797386661,0.0,33.81439798977226,False
1,1,24.356311798095703,1,0,66.27343402942643,1105.8222579886205,1172.098480979912,True
0,0,7.26559591293335,0,0,37.59026201441884,0.0,37.59132802952081,False
0,0,7.701783657073975,0,0,46.938996005337685,0.0,46.939687978010625,False
0,0,8.5260009765625,0,0,32.975587993860245,0.0,32.97598700737581,False
0,0,7.63460636138916,0,0,39.71301094861701,0.0,39.713556005153805,False
0,0,10.915223121643066,0,0,45.988439000211656,0.0,45.98917602561414,False
0,0,8.907155990600586,0,0,34.29278399562463,0.0,34.293886041268706,False
0,0,7.491579055786133,0,0,39.62066496023908,0.0,39.62132299784571,False
0,0,10.413142204284668,0,0,22.15385396266356,0.0,22.15450897347182,False
0,0,5.796563148498535,0,0,6.825831951573491,0.0,6.82639901060611,False
0,0,6.420970439910889,0,0,5.4504110012203455,0.0,5.4509000037796795,False
0,0,9.55156135559082,0,0,5.310544976964593,0.0,5.3110370063222945,False
1,1,17.36617660522461,0,0,6.447025982197374,1003.2552629709244,1009.7051049815491,True
1,1,24.55718994140625,0,0,9.580805024597794,1155.8343810029328,1165.447111998219,True
1,1,21.26761245727539,0,0,14.571502979379147,1073.0231560301036,1087.597656995058,True
0,0,7.04370641708374,0,0,38.85122196516022,0.0,38.85269199963659,False
0,0,7.818926811218262,0,0,28.635762981139123,0.0,28.6361770122312,False
0,0,9.483426094055176,0,0,22.816672979388386,0.0,22.81733200652525,False
0,0,9.494803428649902,0,0,28.172025980893523,0.0,28.173017024528235,False
1,1,24.235013961791992,0,0,23.852265963796526,1186.943862005137,1210.7988999923691,True
0,0,6.393561840057373,0,0,37.0499569689855,0.0,37.0507930056192,False
0,0,10.534507751464844,0,0,55.889474984724075,0.0,55.890124989673495,False
1,1,24.03561782836914,0,0,29.773825022857636,924.7799699660391,954.5567049644887,True
1,1,22.174480438232422,1,1,27.48480101581663,1275.948345020879,1303.4362890175544,True
0,0,9.385838508605957,0,0,60.959344962611794,0.0,60.96038897521794,False
0,0,8.52817440032959,0,0,35.635466047097,0.0,35.636127984616905,False
0,0,8.000021934509277,0,0,33.9654729468748,0.0,33.96597196115181,False
0,0,9.534332275390625,0,0,56.55868200119585,0.0,56.55936599941924,False
0,0,11.6317138671875,0,0,35.70029098773375,0.0,35.700809967238456,False
0,0,8.11943244934082,0,0,28.856195975095034,0.0,28.856784978415817,False
0,0,10.17551040649414,0,0,5.47680800082162,0.0,5.477309983689338,False
0,0,6.455441474914551,0,0,6.131161993835121,0.0,6.131591042503715,False
0,0,5.561680793762207,0,0,7.406407967209816,0.0,7.407014956697822,False
0,0,7.683221340179443,0,0,5.810954957269132,0.0,5.811522016301751,False
0,0,8.906067848205566,0,0,4.725687962491065,0.0,4.726301005575806,False
0,0,9.25549030303955,0,0,4.996531002689153,0.0,4.997074021957815,False
0,0,8.621987342834473,0,0,4.778189002536237,0.0,4.778705013450235,False
0,0,7.692722320556641,0,0,4.663468978833407,0.0,4.66408598003909,False
0,0,10.386392593383789,0,0,4.665325046516955,0.0,4.66592499287799,False
0,0,8.442203521728516,0,0,5.576433031819761,0.0,5.576984025537968,False
0,0,8.581131935119629,0,0,8.025486022233963,0.0,8.025953022297472,False
0,0,7.479463577270508,0,0,8.356629987247288,0.0,8.3571010036394,False
0,0,7.031776428222656,0,0,7.421021000482142,0.0,7.421599002555013,False
0,0,7.374862194061279,0,0,4.740527016110718,0.0,4.741004959214479,False
0,1,13.372949600219727,0,0,4.613434022758156,1080.1220040302724,1084.7385609522462,True
0,0,11.063652038574219,0,0,11.2505360157229,0.0,11.251515010371804,False
0,0,9.421547889709473,0,0,8.09102295897901,0.0,8.091611962299794,False
0,0,8.061111450195312,0,0,5.0590840401127934,0.0,5.059583985712379,False
0,0,11.046126365661621,0,0,5.15475997235626,0.0,5.155330989509821,False
0,0,8.705729484558105,0,0,6.031801050994545,0.0,6.032298028003424,False
0,0,5.265247821807861,0,0,4.853011982049793,0.0,4.853535967413336,False
0,0,9.97107982635498,0,0,4.974355979356915,0.0,4.974943003617227,False
0,0,11.492005348205566,0,0,5.173287005163729,0.0,5.173933983314782,False
0,1,12.1110258102417,0,0,4.760664014611393,1061.4108379813842,1066.174581006635,True
0,0,8.466005325317383,0,0,15.285970002878457,0.0,15.286935027688742,False
1,1,20.826480865478516,1,1,8.196690992917866,1315.6826040358283,1323.8819949910976,True
0,0,7.373467445373535,0,0,29.919738008175045,0.0,29.921189008746296,False
0,0,6.664041996002197,0,0,18.20511801633984,0.0,18.206018023192883,False
0,0,9.900447845458984,0,0,26.29034500569105,0.0,26.29097201861441,False
0,0,7.095787525177002,0,0,17.28235901100561,0.0,17.282870947383344,False
0,0,8.990884780883789,0,0,17.768202000297606,0.0,17.76880002580583,False
0,0,8.875341415405273,0,0,22.22123695537448,0.0,22.22188701853156,False
0,0,7.369225025177002,0,0,18.14531598938629,0.0,18.14596401527524,False
0,1,13.969026565551758,0,1,17.023150983732194,1182.4305639602244,1199.4568119989708,True
0,0,8.584927558898926,0,0,30.90000996598974,0.0,30.90112202335149,False
0,0,6.494298458099365,0,0,17.885362962260842,0.0,17.885932989884168,False
0,0,5.686595916748047,0,0,15.473809035029262,0.0,15.47435304382816,False
0,0,6.8256964683532715,0,0,18.813439994119108,0.0,18.81477201823145,False
0,0,7.481385707855225,0,0,14.756889955606312,0.0,14.757591998204589,False
0,0,9.38343620300293,0,0,15.216336003504694,0.0,15.216943982522935,False
0,0,11.339248657226562,0,0,20.60217096004635,0.0,20.60291002271697,False
0,0,6.29345178604126,0,0,17.928909976035357,0.0,17.929436056874692,False
0,0,7.748985290527344,0,0,14.261404983699322,0.0,14.261914999224246,False
0,0,6.660571098327637,0,0,17.644295003265142,0.0,17.64505001483485,False
0,0,10.21364974975586,0,0,17.13068498065695,0.0,17.131708038505167,False
0,0,7.781458377838135,0,0,17.641937010921538,0.0,17.64292101142928,False
0,0,7.718196868896484,0,0,21.165409008972347,0.0,21.165887999814004,False
1,1,18.932239532470703,1,1,13.797281018923968,872.9700230178423,886.7696930537932,True
0,0,9.084830284118652,0,0,10.041184956207871,0.0,10.042759997304529,False
1,1,19.006591796875,0,0,6.40924897743389,824.938163976185,831.3503100071102,True
0,0,8.774615287780762,0,0,12.954121979419142,0.0,12.955634039826691,False
0,0,10.187885284423828,0,0,6.614765035919845,0.0,6.615902995690703,False
0,1,13.156228065490723,0,0,8.325065020471811,1112.875284976326,1121.2019190425053,True
0,0,5.254069805145264,0,0,27.027095027733594,0.0,27.027957956306636,False
0,0,9.983973503112793,0,0,18.600939016323537,0.0,18.60153896268457,False
1,1,20.113758087158203,1,1,23.901484033558518,1315.8718759659678,1339.7761619999073,True
0,0,8.805525779724121,0,0,55.682853038888425,0.0,55.68404804216698,False
0,0,9.320450782775879,0,0,34.666089981328696,0.0,34.66731100343168,False
0,0,9.581023216247559,0,0,36.04959603399038,0.0,36.050146038178355,False
0,0,9.574817657470703,0,0,49.90966297918931,0.0,49.910394998732954,False
0,0,8.44625473022461,0,0,34.43155699642375,0.0,34.43249501287937,False
0,0,11.570384979248047,0,0,13.109933992382139,0.0,13.110272004269063,False
0,0,6.889153957366943,0,0,5.642342031933367,0.0,5.643338023219258,False
1,1,27.006752014160156,0,0,4.739005991723388,1034.4145440030843,1039.1560019925237,True
0,0,6.713454723358154,0,0,13.351581990718842,0.0,13.35271802963689,False
0,0,8.464741706848145,0,0,5.5923250038176775,0.0,5.592836008872837,False
1,1,20.390567779541016,1,1,4.53513499815017,776.0207979590632,780.5588990449905,True
0,0,11.654786109924316,0,0,15.291363000869751,0.0,15.29224100522697,False
0,0,7.526197910308838,0,0,11.923237994778901,0.0,11.92412304226309,False
0,0,8.954723358154297,0,0,11.63819496287033,0.0,11.63869898300618,False
0,0,8.931351661682129,0,0,12.497474031988531,0.0,12.497849005740136,False
0,0,9.512421607971191,0,0,12.668748036958277,0.0,12.669528950937092,False
1,1,22.75870704650879,0,0,7.51383404713124,953.0900969984941,960.6068610446528,True
0,0,9.96622371673584,0,0,21.24625100987032,0.0,21.247199969366193,False
0,0,9.54704761505127,0,0,15.091630979441106,0.0,15.092077024746686,False
0,0,9.831029891967773,0,0,14.921450987458229,0.0,14.922040980309248,False
1,1,26.59720230102539,0,0,18.555709975771606,654.3690679827705,672.9276640107855,True
0,0,10.487367630004883,0,0,27.28846500394866,0.0,27.28933800244704,False
0,0,4.786194801330566,0,0,22.72176102269441,0.0,22.722905036062002,False
0,0,10.699118614196777,0,0,22.0620819600299,0.0,22.06258801743388,False
1,1,17.662494659423828,0,0,18.07162497425452,853.6585900001228,871.7327599879354,True
1,1,24.631492614746094,0,0,34.09207402728498,1510.0958600523882,1544.191919034347,True
1,1,21.95698356628418,1,1,71.99029996991158,1853.363155038096,1925.3565599792637,True
0,0,8.31497859954834,0,0,58.16012999275699,0.0,58.165700000245124,False
0,0,10.374349594116211,0,0,48.698151018470526,0.0,48.69892698479816,False
0,0,6.486152172088623,0,0,52.28206200990826,0.0,52.28309700032696,False
0,0,5.976620674133301,0,0,35.54233902832493,0.0,35.54289002204314,False
1,1,17.96479606628418,1,0,22.87388197146356,1536.7557079880498,1559.632234973833,True
1,1,19.796762466430664,0,0,8.276889973785728,1277.7224619640037,1286.0022279783152,True
0,0,5.771693706512451,0,0,35.25055997306481,0.0,35.25179997086525,False
0,0,8.942583084106445,0,0,20.111439051106572,0.0,20.111867983359843,False
0,0,9.62995719909668,0,0,19.86838097218424,0.0,19.868863048031926,False
0,0,6.4818267822265625,0,0,20.373854029458016,0.0,20.37448395276442,False
0,0,8.986313819885254,0,0,24.909430998377502,0.0,24.910074018407613,False
1,1,20.545473098754883,0,0,22.147038020193577,656.7037209752016,678.8534390507266,True
0,0,10.113694190979004,0,0,28.404012962710112,0.0,28.405028977431357,False
0,0,9.603934288024902,0,0,32.92359900660813,0.0,32.92429004795849,False
0,1,12.826944351196289,0,0,35.89595400262624,1394.8968090116978,1430.7950520305894,True
0,0,9.871057510375977,0,0,64.77077101590112,0.0,64.77135099703446,False
0,0,10.37779712677002,0,0,37.103426991961896,0.0,37.10396698443219,False
0,0,4.557645320892334,0,0,54.06156601384282,0.0,54.06227899948135,False
0,0,8.643474578857422,0,0,33.55382604058832,0.0,33.55443000327796,False
0,0,7.501512050628662,0,0,35.387098032515496,0.0,35.387645999435335,False
0,0,7.471778392791748,0,0,47.92168800486252,0.0,47.922268975526094,False
1,1,20.619598388671875,0,0,29.285035969223827,996.5453780023381,1025.832540995907,True
1,1,23.124292373657227,1,1,10.8545109978877,1033.5570760071278,1044.4129779934883,True
1,1,24.387664794921875,0,0,16.377163992729038,1035.6743690208532,1052.0528589840978,True
0,0,9.49654769897461,0,0,55.46395399142057,0.0,55.464642005972564,False
1,1,15.868979454040527,1,1,33.71815296122804,1117.6483890158124,1151.3692480511963,True
0,0,9.02904987335205,0,0,53.42465901048854,0.0,53.425575024448335,False
0,0,10.908343315124512,0,0,33.815472037531435,0.0,33.815805974882096,False
0,1,12.268620491027832,0,0,32.05500904005021,868.4950949973427,900.5530060385354,True
0,0,8.801223754882812,0,0,52.09785501938313,0.0,52.09868698148057,False
0,0,8.006720542907715,0,0,43.15704602049664,0.0,43.157600972335786,False
0,0,6.285175323486328,0,0,32.97441900940612,0.0,32.975170004647225,False
0,0,10.909078598022461,0,0,46.935872989706695,0.0,46.9368799822405,False
1,1,26.028600692749023,0,0,5.271525995340198,1637.3727539903484,1642.647353000939,True
0,0,9.097373008728027,0,0,21.951108006760478,0.0,21.952190960291773,False
0,0,5.842324256896973,0,0,20.7930370233953,0.0,20.79427195712924,False
0,0,9.04896068572998,0,0,18.920896982308477,0.0,18.921555019915104,False
0,0,8.544515609741211,0,0,19.141450989991426,0.0,19.142037956044078,False
0,0,8.29369831085205,0,0,19.73097800510004,0.0,19.73154698498547,False
0,0,7.4777960777282715,0,0,26.676146953832358,0.0,26.676923967897892,False
0,1,13.11778450012207,0,0,19.62039596401155,918.0816640146077,937.7043679705821,True
0,0,10.125226974487305,0,0,12.978660990484059,0.0,12.979727005586028,False
0,0,7.862339973449707,0,0,7.669842045288533,0.0,7.670479011721909,False
1,1,23.279800415039062,1,1,9.674364002421498,1082.3915509972721,1092.0684349839576,True
0,0,10.941498756408691,0,0,34.272600954864174,0.0,34.27356801694259,False
0,0,8.46301555633545,0,0,21.341298008337617,0.0,21.34185703471303,False
0,0,11.222463607788086,0,0,21.78405795712024,0.0,21.78458502748981,False
0,0,8.04313850402832,0,0,26.772068988066167,0.0,26.772584998980165,False
1,1,18.352323532104492,0,0,21.199705020990223,1228.318125999067,1249.519560020417,True
0,1,12.895695686340332,0,0,23.968959983903915,983.2998450146988,1007.2711169486865,True
1,1,16.2613468170166,0,0,50.91383901890367,1108.3398020127788,1159.256815968547,True
0,1,11.816414833068848,0,0,40.77555000549182,1569.353390019387,1610.1330440142192,True
0,0,9.931022644042969,0,0,55.527046031784266,0.0,55.52845698548481,False
0,0,11.434065818786621,0,0,40.58676102431491,0.0,40.58735497528687,False
0,0,6.792980670928955,0,0,45.254596043378115,0.0,45.255001983605325,False
0,0,9.134130477905273,0,0,51.23645899584517,0.0,51.23720096889883,False
0,0,8.625954627990723,0,0,33.87537394883111,0.0,33.876114001031965,False
0,0,9.089890480041504,0,0,32.4631980038248,0.0,32.46369195403531,False
0,0,10.093886375427246,0,0,57.36405699281022,0.0,57.36460699699819,False
0,0,10.103837966918945,0,0,33.570612024050206,0.0,33.57117698760703,False
0,0,11.249114990234375,0,0,8.362346969079226,0.0,8.36275500478223,False
0,0,9.135736465454102,0,0,7.021233963314444,0.0,7.02172500314191,False
0,0,7.238170146942139,0,0,5.776242003776133,0.0,5.776661972049624,False
0,0,10.363092422485352,0,0,6.028968025930226,0.0,6.029628973919898,False
0,0,11.358101844787598,0,0,8.157049946021289,0.0,8.157573000062257,False
0,0,5.37095832824707,0,0,4.93569002719596,0.0,4.936189972795546,False
0,0,6.655230522155762,0,0,4.95913700433448,0.0,4.959748010151088,False
0,0,5.113494396209717,0,0,5.280811979901046,0.0,5.281282996293157,False
0,0,9.047776222229004,0,0,8.508408966008574,0.0,8.508871018420905,False
0,0,10.075833320617676,0,0,7.823638967238367,0.0,7.824209984391928,False
0,0,8.913630485534668,0,0,8.229366037994623,0.0,8.229969011154026,False
0,0,7.1413984298706055,0,0,8.427052991464734,0.0,8.42773198382929,False
0,0,8.28512191772461,0,0,7.768318988382816,0.0,7.768849027343094,False
0,0,8.987449645996094,0,0,8.743326994590461,0.0,8.743838989175856,False
0,0,7.971185684204102,0,0,8.35100602125749,0.0,8.351569005753845,False
0,0,10.28201961517334,0,0,6.646974012255669,0.0,6.64753100136295,False
0,0,9.390722274780273,0,0,5.286656029056758,0.0,5.287095031235367,False
0,0,8.18793773651123,0,0,5.324888043105602,0.0,5.325392994564027,False
0,0,9.966584205627441,0,0,8.139167970512062,0.0,8.139766985550523,False
0,0,7.800453186035156,0,0,8.515422989148647,0.0,8.516014029737562,False
0,0,7.526370525360107,0,0,8.073974982835352,0.0,8.074953977484256,False
0,0,8.928651809692383,0,0,6.493274006061256,0.0,6.49372796760872,False
0,0,6.650443077087402,0,0,8.01633601076901,0.0,8.016932988539338,False
0,0,11.474137306213379,0,0,8.245664997957647,0.0,8.246220997534692,False
0,0,7.103208065032959,0,0,8.191544038709253,0.0,8.192116976715624,False
0,0,6.177860736846924,0,0,7.909855048637837,0.0,7.910463958978653,False
0,0,9.710066795349121,0,0,7.15999398380518,0.0,7.1604729746468365,False
0,0,8.560150146484375,0,0,8.021123008802533,0.0,8.021640998777002,False
1,1,18.253267288208008,1,1,8.697673969436437,1205.9414929826744,1214.6423929953016,True
0,0,9.279768943786621,0,0,15.072315989527851,0.0,15.073425020091236,False
0,0,8.788080215454102,0,0,5.1576089463196695,0.0,5.158226995263249,False
0,0,9.175278663635254,0,0,4.714320995844901,0.0,4.714737005997449,False
0,0,8.542449951171875,0,0,6.690490001346916,0.0,6.691062008030713,False
0,0,9.879161834716797,0,0,8.158384996932,0.0,8.159006014466286,False
1,1,19.7736873626709,1,1,6.108234985731542,1253.45879298402,1259.5694030169398,True
0,0,8.532261848449707,0,0,15.723970951512456,0.0,15.72480401955545,False
0,0,7.559576034545898,0,0,11.776009981986135,0.0,11.776701954659075,False
0,0,10.191606521606445,0,0,12.750510999467224,0.0,12.751031026709825,False
0,0,11.006287574768066,0,0,10.62334596645087,0.0,10.623951035086066,False
0,0,9.600615501403809,0,0,12.820422009099275,0.0,12.820960022509098,False
0,0,10.469734191894531,0,0,10.2769760414958,0.0,10.277613007929176,False
1,1,24.791107177734375,0,0,8.251309976913035,1327.1012619952671,1335.3558870148845,True
0,0,10.663572311401367,0,0,31.683101959060878,0.0,31.684335961472243,False
0,0,5.248586177825928,0,0,19.67900898307562,0.0,19.679714983794838,False
0,0,8.6668701171875,0,0,20.424251968506724,0.0,20.4248660011217,False
0,0,6.860660552978516,0,0,19.55394697142765,0.0,19.554567988961935,False
1,1,18.397737503051758,1,1,19.78477300144732,1118.0496290326118,1137.837037036661,True
1,1,20.19515609741211,0,0,49.38961903098971,1450.1512700226158,1499.5444960077293,True
0,0,10.523515701293945,0,0,41.26854700734839,0.0,41.26947099575773,False
0,0,9.838457107543945,0,0,52.30308300815523,0.0,52.30382800800726,False
0,0,7.188991546630859,0,0,36.22809698572382,0.0,36.228587036021054,False
0,0,10.544913291931152,0,0,36.804102011956275,0.0,36.80463199270889,False
0,1,14.175159454345703,0,0,47.1628510276787,1024.4163100142032,1071.5803579660133,True
0,1,11.787467002868652,0,0,9.370745974592865,1212.5938970129937,1221.9662350253202,True
1,1,21.120595932006836,0,0,14.57542198477313,1263.9524610131048,1278.531413001474,True
0,0,6.048047065734863,0,0,26.615430018864572,0.0,26.61684196209535,False
1,1,23.803546905517578,1,1,25.8003170019947,939.0676359762438,964.8713779752143,True
0,0,10.27482795715332,0,0,36.264144990127534,0.0,36.26625705510378,False
0,0,6.936725616455078,0,0,23.60141696408391,0.0,23.601875989697874,False
0,0,7.32460355758667,0,0,23.958679987117648,0.0,23.9592389552854,False
0,0,7.26430082321167,0,0,24.144347000401467,0.0,24.144993047229946,False
1,1,19.528797149658203,1,0,27.086840011179447,1047.0373039715923,1074.1260730428621,True
0,0,7.032438278198242,0,0,37.17340197181329,0.0,37.174330034758896,False
0,0,9.110882759094238,0,0,65.53680298384279,0.0,65.53828599862754,False
1,1,23.40694808959961,1,1,35.386346047744155,1612.55080497358,1647.9403780540451,True
0,0,6.586521148681641,0,0,60.25116896489635,0.0,60.25230698287487,False
0,0,8.673274993896484,0,0,45.96396296983585,0.0,45.964623044710606,False
0,0,6.761862277984619,0,0,59.510403021704406,0.0,59.51129901222885,False
0,0,7.733861923217773,0,0,36.7875179508701,0.0,36.788004043046385,False
0,0,8.12372875213623,0,0,41.309329972136766,0.0,41.30994499428198,False
0,0,6.58582067489624,0,0,48.54791599791497,0.0,48.54866600362584,False
1,1,27.13159942626953,1,1,9.1991139925085,1278.441855974961,1287.6451699994504,True
1,1,18.73041343688965,1,1,15.109771979041398,1682.5849000015296,1697.698122006841,True
1,1,18.86634063720703,0,0,21.46712498506531,1151.3237069593742,1172.793850011658,True
0,1,12.262654304504395,0,0,64.50114998733625,1207.8301300061867,1272.3346179700457,True
0,0,5.15537691116333,0,0,54.70414401497692,0.0,54.70502399839461,False
0,0,9.736430168151855,0,0,34.69801403116435,0.0,34.698428993579,False
0,0,10.505054473876953,0,0,35.561116004828364,0.0,35.56164097972214,False
0,0,7.947066783905029,0,0,52.96553304651752,0.0,52.966295974329114,False
0,0,8.589574813842773,0,0,32.446415978483856,0.0,32.44705201359466,False
0,0,9.085346221923828,0,0,32.38344501005486,0.0,32.38389699254185,False
0,0,8.736770629882812,0,0,46.05695401551202,0.0,46.05753195937723,False
1,1,21.663362503051758,1,0,46.26157198799774,1522.2752999980003,1568.5394929605536,True
0,0,9.933765411376953,0,0,16.91267197020352,0.0,16.91376301459968,False
0,0,8.679386138916016,0,0,8.755713002756238,0.0,8.756591007113457,False
0,0,8.591466903686523,0,0,5.534461000934243,0.0,5.535021016839892,False
1,1,21.222204208374023,1,1,4.610155010595918,1314.9433770449832,1319.5554399862885,True
0,0,10.097879409790039,0,0,24.97255301568657,0.0,24.97333602514118,False
0,0,11.033573150634766,0,0,26.486039045266807,0.0,26.486599002964795,False
1,1,20.836021423339844,0,0,15.82575001521036,1438.072271994315,1453.9015120244585,True
0,1,13.69635009765625,0,0,63.42657498316839,881.9533790228888,945.3829640406184,True
0,0,7.9790754318237305,0,0,51.153682987205684,0.0,51.154565007891506,False
0,0,11.319931983947754,0,0,39.46583898505196,0.0,39.46701297536492,False
1,1,22.592716217041016,0,0,33.70569599792361,919.3223820184357,953.0309549882077,True
0,0,8.334074020385742,0,0,51.16053996607661,0.0,51.16152501432225,False
0,0,8.432025909423828,0,0,39.720767992548645,0.0,39.72139902180061,False
0,0,8.484678268432617,0,0,33.31115801120177,0.0,33.31170399906114,False
0,0,8.794872283935547,0,0,51.63461301708594,0.0,51.63534200983122,False
0,0,7.949577808380127,0,0,32.4333340395242,0.0,32.43425796972588,False
0,0,9.135658264160156,0,0,33.70422497391701,0.0,33.70459598954767,False
1,1,25.26222038269043,0,0,40.23663001134992,1075.5496020428836,1115.7887920271605,True
0,0,9.665736198425293,0,0,11.999179027043283,0.0,12.00004800921306,False
0,0,10.350584030151367,0,0,5.415565043222159,0.0,5.416044965386391,False
0,0,6.931450366973877,0,0,5.267609958536923,0.0,5.268176959361881,False
0,0,6.680595397949219,0,0,6.763596029486507,0.0,6.764122052118182,False
0,0,6.057506084442139,0,0,6.689123983960599,0.0,6.689698959235102,False
1,1,24.066463470458984,0,0,4.531202022917569,1197.298087994568,1201.832248014398,True
0,0,6.815246105194092,0,0,16.698874009307474,0.0,16.699822968803346,False
1,1,22.155384063720703,0,0,7.660437026061118,940.3773460071534,948.0402569752187,True
0,0,9.366106986999512,0,0,33.11504400335252,0.0,33.11589400982484,False
0,0,9.493070602416992,0,0,17.950405017472804,0.0,17.951024987269193,False
0,0,7.89214563369751,0,0,18.161965010222048,0.0,18.162463034968823,False
0,0,6.920228004455566,0,0,22.98247901489958,0.0,22.983525996096432,False
0,0,7.891605854034424,0,0,17.6820500055328,0.0,17.682672943919897,False
0,0,4.679072380065918,0,0,28.013768955133855,0.0,28.01456901943311,False
0,0,5.9655985832214355,0,0,22.54664496285841,0.0,22.547140019014478,False
0,0,9.473472595214844,0,0,22.0847399905324,0.0,22.085225966293365,False
0,0,6.176729202270508,0,0,21.246342977974564,0.0,21.246885997243226,False
0,0,9.689461708068848,0,0,17.759169975761324,0.0,17.759736976586282,False
1,1,26.109920501708984,0,0,20.451631979085505,1032.1198159945197,1052.5746239582077,True
0,0,6.845422267913818,0,0,21.293269004672766,0.0,21.294231002684683,False
0,0,10.731975555419922,0,0,15.031172020826489,0.0,15.031661954708397,False
0,0,10.128622055053711,0,0,22.242876992095262,0.0,22.24361599655822,False
0,0,8.729004859924316,0,0,15.165082004386932,0.0,15.166248951572925,False
0,0,10.638518333435059,0,0,14.94523196015507,0.0,14.945821953006089,False
0,0,7.9953155517578125,0,0,16.85432402882725,0.0,16.854810994118452,False
0,0,6.7438130378723145,0,0,15.264362038578838,0.0,15.265092952176929,False
0,0,9.212484359741211,0,0,15.307975001633167,0.0,15.308319998439401,False
1,1,20.060537338256836,1,0,17.361801001243293,1383.7077179923654,1401.0720889782533,True
0,0,9.547836303710938,0,0,19.04298202134669,0.0,19.043781037908047,False
0,0,8.864627838134766,0,0,14.115310041233897,0.0,14.115931990090758,False
0,0,9.710261344909668,0,0,14.394114958122373,0.0,14.394659956451505,False
0,0,8.998177528381348,0,0,21.86531899496913,0.0,21.86607097974047,False
0,0,7.173221111297607,0,0,15.19832998747006,0.0,15.198856010101736,False
0,0,5.425168991088867,0,0,14.79043799918145,0.0,14.79090703651309,False
0,0,7.203283309936523,0,0,18.60898797167465,0.0,18.60946899978444,False
0,0,11.466042518615723,0,0,14.996810990851372,0.0,14.99771699309349,False
0,0,8.577068328857422,0,0,17.341474012937397,0.0,17.342116043437272,False
0,0,10.988715171813965,0,0,21.425020997412503,0.0,21.425949002150446,False
0,0,8.87051773071289,0,0,15.64810099080205,0.0,15.648967993911356,False
0,0,7.813529014587402,0,0,14.99299198621884,0.0,14.993607008364052,False
1,1,18.3165225982666,0,0,13.656029012054205,1123.5479619936086,1137.2066109906882,True
1,1,17.764789581298828,0,0,14.87823500065133,1028.0471669975668,1042.9288759478368,True
0,0,9.180191993713379,0,0,31.691138981841505,0.0,31.6921109915711,False
0,0,10.26352596282959,0,0,20.76998195843771,0.0,20.77055402332917,False
0,0,9.777698516845703,0,0,26.306435000151396,0.0,26.30716998828575,False
0,0,6.530890941619873,0,0,26.435097970534116,0.0,26.435706997290254,False
0,0,8.594658851623535,0,0,21.36717503890395,0.0,21.367652982007712,False
0,1,12.195955276489258,0,0,20.680175977759063,1540.6782399513759,1561.361483996734,True
0,0,8.563921928405762,0,0,61.279546993318945,0.0,61.280693975277245,False
0,0,7.196410179138184,0,0,32.78418397530913,0.0,32.784692011773586,False
0,0,6.70135498046875,0,0,39.248386048711836,0.0,39.24895700765774,False
0,0,7.831717491149902,0,0,46.91133199958131,0.0,46.91204900154844,False
0,0,8.313225746154785,0,0,40.64620804274455,0.0,40.64680897863582,False
0,0,10.10684585571289,0,0,19.886484020389616,0.0,19.887106958776712,False
1,1,24.169832229614258,0,0,5.505903041921556,872.5418309913948,878.0504140304402,True
0,0,8.451095581054688,0,0,14.808499021455646,0.0,14.809381973464042,False
0,0,9.998363494873047,0,0,8.269607031252235,0.0,8.270309015642852,False
0,0,7.274733066558838,0,0,9.089077007956803,0.0,9.089542960282415,False
0,1,13.855951309204102,0,0,8.826731005683541,2420.201519038528,2429.033672029618,True
1,1,23.606197357177734,0,0,25.136009964626282,1010.059402033221,1035.198717028834,True
0,0,9.298820495605469,0,0,39.431905024684966,0.0,39.432908000890166,False
0,0,8.111557006835938,0,0,54.889448976609856,0.0,54.890174011234194,False
0,0,8.92473316192627,0,0,34.818782994989306,0.0,34.819273045286536,False
0,0,10.401765823364258,0,0,35.013234009966254,0.0,35.01359903020784,False
0,0,8.379859924316406,0,0,51.08439503237605,0.0,51.08529300196096,False
0,0,8.045247077941895,0,0,6.864110997412354,0.0,6.864698021672666,False
0,0,9.212190628051758,0,0,6.191958033014089,0.0,6.192405009642243,False
1,1,21.223901748657227,1,1,4.806523967999965,1201.2691629934125,1206.0785359935835,True
0,0,6.8925395011901855,0,0,13.60260002547875,0.0,13.60360102262348,False
0,0,8.256641387939453,0,0,5.816317046992481,0.0,5.816979974042624,False
0,0,8.74565601348877,0,0,5.533468967769295,0.0,5.533974035643041,False
0,1,12.330592155456543,0,0,6.509486003778875,1067.8043470252305,1074.3166669853963,True
0,0,10.64580249786377,0,0,24.14614602457732,0.0,24.1473019705154,False
0,0,8.682936668395996,0,0,27.505930978804827,0.0,27.50681701581925,False
1,1,20.899581909179688,0,0,15.023964981082827,1095.354605000466,1110.3809559717774,True
0,0,8.498475074768066,0,0,27.810989995487034,0.0,27.811991982162,False
1,1,19.268390655517578,1,0,18.341700022574514,1203.5958929918706,1221.9404369825497,True
0,0,7.511662483215332,0,0,55.90637098066509,0.0,55.90820498764515,False
0,0,7.308585166931152,0,0,35.86778399767354,0.0,35.868431034032255,False
0,1,13.055906295776367,0,0,45.979114016518,1213.756361976266,1259.7381639643572,True
0,0,6.51809549331665,0,0,58.76404599985108,0.0,58.765391004271805,False
1,1,22.375486373901367,0,0,30.53487802390009,1093.8439070014283,1124.3822639808059,True
1,1,21.196683883666992,0,0,47.74210503092036,1150.4661229555495,1198.2113730045967,True
0,0,5.458061695098877,0,0,64.66955499490723,0.0,64.6706799743697,False
0,0,8.442402839660645,0,0,40.689023036975414,0.0,40.689921006560326,False
0,0,6.262385368347168,0,0,65.71340805385262,0.0,65.7150520128198,False
0,0,7.903845310211182,0,0,44.4644860108383,0.0,44.46560697397217,False
1,1,21.765527725219727,0,0,50.017255009151995,1112.9268010263331,1162.9476390080526,True
0,0,8.57633113861084,0,0,11.611346038989723,0.0,11.612208967562765,False
1,1,16.559837341308594,0,0,4.734214977361262,1472.0720059704036,1476.808815030381,True
0,0,7.062308311462402,0,0,28.622699959669262,0.0,28.623819001950324,False
0,0,7.410467147827148,0,0,18.943506001960486,0.0,18.944380048196763,False
0,1,13.068883895874023,0,0,18.155833997298032,997.5649110274389,1015.7243519788608,True
1,1,20.134700775146484,1,0,52.811063011176884,1070.9623000002466,1123.7765909754671,True
0,0,8.6718168258667,0,0,57.92541999835521,0.0,57.92652699165046,False
0,0,4.834913730621338,0,0,35.17313697375357,0.0,35.17376497620717,False
0,0,6.558694362640381,0,0,44.84233999392018,0.0,44.842897972557694,False
1,1,23.6357364654541,1,1,66.75031495979056,1426.3016429613344,1493.05471702246,True
0,0,8.870222091674805,0,0,48.375444021075964,0.0,48.3763650408946,False
0,0,8.303122520446777,0,0,31.852103013079613,0.0,31.853375025093555,False
0,0,6.963289737701416,0,0,33.11925899470225,0.0,33.11981598380953,False
0,0,9.935599327087402,0,0,47.614615003112704,0.0,47.61529597453773,False
0,0,10.162182807922363,0,0,30.827696959022433,0.0,30.828247021418065,False
0,0,7.156940460205078,0,0,32.620401005260646,0.0,32.621190999634564,False
0,0,4.917140960693359,0,0,7.380040013231337,0.0,7.380483963061124,False
0,0,7.7762556076049805,0,0,5.427139985840768,0.0,5.427571013569832,False
0,0,9.429343223571777,0,0,8.594768994953483,0.0,8.595332968980074,False
0,0,5.744635581970215,0,0,8.020545006729662,0.0,8.021172019653022,False
0,0,8.59611988067627,0,0,8.085440029390156,0.0,8.085926005151123,False
1,1,27.822229385375977,0,0,5.032579007092863,1134.887978027109,1139.9233909905888,True
0,0,6.86082649230957,0,0,9.815139987040311,0.0,9.81608300935477,False
0,0,9.419853210449219,0,0,6.891152996104211,0.0,6.891558994539082,False
0,0,10.033770561218262,0,0,5.661611037794501,0.0,5.662132054567337,False
0,0,6.65008020401001,0,0,9.104156983084977,0.0,9.104776952881366,False
0,0,9.072281837463379,0,0,7.600561948493123,0.0,7.601015968248248,False
0,0,9.483565330505371,0,0,4.79261705186218,0.0,4.793123982381076,False
0,1,13.887358665466309,0,0,5.183617991860956,954.176336992532,959.3626160058193,True
0,0,7.015481948852539,0,0,14.065879047848284,0.0,14.066673000343144,False
0,0,7.329592704772949,0,0,9.638196032028645,0.0,9.638738993089646,False
0,0,9.204154014587402,0,0,8.632857003249228,0.0,8.633383957203478,False
1,1,20.694791793823242,1,1,8.845137956086546,1318.9628959516995,1327.8117880108766,True
0,0,10.599587440490723,0,0,26.148203993216157,0.0,26.149170007556677,False
0,0,8.570538520812988,0,0,18.46102497074753,0.0,18.461856001522392,False
0,0,8.708677291870117,0,0,17.614080978091806,0.0,17.614611017052084,False
0,0,7.929571151733398,0,0,17.98738300567493,0.0,17.98793498892337,False
0,0,8.336648941040039,0,0,18.02325900644064,0.0,18.023801036179066,False
1,1,20.87397003173828,1,1,16.38693700078875,991.5691969799809,1007.9584600171074,True
0,0,8.40311050415039,0,0,26.850821974221617,0.0,26.851468021050096,False
1,1,22.720247268676758,1,1,16.780790989287198,1255.122634000145,1271.9063750118949,True
1,1,15.944147109985352,1,1,55.975735012907535,1146.7213059659116,1202.7000630041584,True
0,0,6.296198844909668,0,0,61.31417502183467,0.0,61.31584499962628,False
1,1,15.475736618041992,1,1,47.38062695832923,1091.6960510076024,1139.0792719903402,True
1,1,22.533550262451172,0,0,46.77488800371066,1049.8230580124073,1096.6015820158646,True
0,0,9.48746109008789,0,0,58.60902200220153,0.0,58.609969972167164,False
0,0,9.079693794250488,0,0,34.57063401583582,0.0,34.57113803597167,False
0,0,6.604053020477295,0,0,41.95332998642698,0.0,41.953900014050305,False
0,0,10.994037628173828,0,0,46.806144004222006,0.0,46.80691001703963,False
1,1,25.650697708129883,1,1,29.56157800508663,1379.614136996679,1409.1787309735082,True
0,1,13.802469253540039,0,0,55.631768016610295,1316.6909349965863,1372.3266150336713,True
0,0,6.731997966766357,0,0,57.89130099583417,0.0,57.89251398527995,False
1,1,24.234336853027344,0,0,34.68930703820661,1624.3318599881604,1659.023908956442,True
0,0,8.004050254821777,0,0,64.43808000767604,0.0,64.43930102977902,False
0,0,7.455904006958008,0,0,39.56798301078379,0.0,39.56863301573321,False
0,0,10.022571563720703,0,0,48.32051898119971,0.0,48.32122498191893,False
0,0,9.756158828735352,0,0,42.09963500034064,0.0,42.100152000784874,False
0,0,10.325850486755371,0,0,34.66454899171367,0.0,34.664997016079724,False
0,0,5.904353618621826,0,0,33.09961297782138,0.0,33.10023102676496,False
1,1,18.72698211669922,0,0,5.466965027153492,1472.9335920419544,1478.4017769852653,True
0,0,7.889499187469482,0,0,9.606412029825151,0.0,9.607382991816849,False
0,0,8.103767395019531,0,0,9.082063974346966,0.0,9.082785982172936,False
0,0,8.597657203674316,0,0,6.047914968803525,0.0,6.04863598709926,False
0,0,9.580851554870605,0,0,5.908836028538644,0.0,5.909534986130893,False
1,1,20.8808650970459,0,0,8.224540040828288,969.4898220477626,977.7167140273377,True
1,1,20.92420768737793,0,0,24.02653102762997,1221.1621120222844,1245.190209010616,True
0,0,9.029210090637207,0,0,58.07959398953244,0.0,58.08079498820007,False
0,0,11.348247528076172,0,0,50.88473699288443,0.0,50.885312957689166,False
1,1,24.0749568939209,1,1,50.59612402692437,1278.1028649769723,1328.7025149911642,True
0,0,6.503691673278809,0,0,54.9098490155302,0.0,54.91084803361446,False
0,0,10.4457426071167,0,0,33.43697200762108,0.0,33.437384001445025,False
0,0,10.023435592651367,0,0,34.85165099846199,0.0,34.852282027713954,False
1,1,22.755443572998047,1,1,68.58582701534033,1202.5593830039725,1271.1482709855773,True
0,1,12.63736629486084,0,0,22.824976011179388,1101.04890196817,1123.877061996609,True
0,0,6.607431888580322,0,0,57.94295499799773,0.0,57.94402299216017,False
0,0,5.8121867179870605,0,0,42.92250901926309,0.0,42.923233995679766,False
0,0,9.03958511352539,0,0,55.494414002168924,0.0,55.495164007879794,False
1,1,24.0231876373291,0,0,32.494196959305555,1258.3578060148284,1290.8534840098582,True
0,0,8.110615730285645,0,0,60.879416996613145,0.0,60.88037299923599,False
0,0,9.507660865783691,0,0,34.74870801437646,0.0,34.749362035654485,False
0,0,9.887084007263184,0,0,32.46883396059275,0.0,32.46990800835192,False
